{
  "perfil": {
    "n_bolhas": 33815,
    "len_hist": {
      "0-5": 0.14330918231554043,
      "11-15": 0.22398343930208486,
      "16-20": 0.1548720981812805,
      "31-50": 0.10569273990832471,
      "21-30": 0.18542067129971906,
      "6-10": 0.16835723791216917,
      "51-100": 0.015496081620582582,
      "101+": 0.002868549460298684
    },
    "emoji_hist": {
      "0": 0.8931834984474346,
      "1": 0.10652077480408102,
      "3+": 8.871802454532012e-05,
      "2": 0.0002070087239390803
    },
    "taxa_ponto_final": 0.001330770368179802,
    "taxa_emoji": 0.10681650155256543,
    "taxa_vocativo": 0.22838976785450243,
    "taxa_rs": 0.06290107940263197,
    "trigrama_probs": {
      "amo": 0.014001682849120286,
      "mor": 0.012662966919724315,
      " am": 0.011019825475310335,
      "em ": 0.007907500023635522,
      "ou ": 0.007582275249827461,
      "est": 0.0070774205137416925,
      "do ": 0.006114982084274815,
      "ora": 0.006056365991321037,
      "ida": 0.005901316971249752,
      " ca": 0.005315156041711968,
      " na": 0.005175233755306175,
      "de ": 0.005175233755306175,
      " no": 0.005120399345768769,
      " se": 0.004908625074451892,
      "ar ": 0.004846227298081741,
      "inh": 0.0045834003006438315,
      "ia ": 0.004439696330821665,
      "bem": 0.00443213296398892,
      "ent": 0.004407552021782496,
      "e a": 0.004386752762992446,
      "al ": 0.004324354986622295,
      "oca": 0.004294101519291313,
      " vi": 0.004273302260501262,
      "os ": 0.004246830476586652,
      " be": 0.004210904484131111,
      "te ": 0.004095563139931741,
      "a a": 0.004014256946479725,
      " rs": 0.004012366104771539,
      " es": 0.004008584421355166,
      "ra ": 0.0039197148610704054,
      " co": 0.0038365178259102037,
      "eu ": 0.003798700991746476,
      "na ": 0.0037854650997891713,
      "o n": 0.0035982717706787176,
      "sim": 0.0035491098862658714,
      " de": 0.0035491098862658714,
      "er ": 0.0034942754767284655,
      "vid": 0.003456458642564738,
      "cam": 0.003443222750607433,
      "ndo": 0.003433768542066501,
      "no ": 0.0034318777003583146,
      "nte": 0.0034262051752337553,
      "e v": 0.003405405916443705,
      "a b": 0.0033997333913191458,
      "mos": 0.0033619165571554177,
      "sou": 0.0032995187807852667,
      "and": 0.0032938462556607075,
      " me": 0.003225775954165997,
      " di": 0.0032049766953759465,
      "da ": 0.003163378177795846,
      "ria": 0.0031558148109631003,
      "ina": 0.0031539239692549136,
      " bo": 0.0031520331275467274,
      "e c": 0.0031217796602157452,
      "qui": 0.003049927675304662,
      " e ": 0.003027237574806425,
      "sto": 0.0029497130647707826,
      "o a": 0.0029345863311052915,
      "nha": 0.0029308046476889185,
      "a e": 0.0028967694969415634,
      "a n": 0.0028684068713187676,
      "che": 0.0028476076125287172,
      "00 ": 0.0028362625622795987,
      "tou": 0.0028116816200731754,
      "que": 0.0028003365698240574,
      "voc": 0.0027436113185784652,
      "ode": 0.0027360479517457197,
      "pod": 0.0027303754266211604,
      "con": 0.002719030376372042,
      "o d": 0.002690667750749246,
      "m a": 0.0026793227005001276,
      "com": 0.0026736501753755683,
      "om ": 0.002633942499503654,
      "im ": 0.002624488290962722,
      " ch": 0.002624488290962722,
      "ami": 0.002620706607546349,
      " vo": 0.002586671456798994,
      "boa": 0.002529946205553402,
      "nho": 0.002529946205553402,
      " 1h": 0.0025280553638452156,
      "l s": 0.0025223828387206564,
      "per": 0.002516710313596097,
      " qu": 0.002514819471887911,
      "to ": 0.0025129286301797246,
      "o c": 0.0025091469467633516,
      " lo": 0.0024940202130978605,
      "bom": 0.0024751117960159965,
      "oa ": 0.0024713301125996235,
      "ue ": 0.0024618759040586917,
      "ten": 0.0024467491703932007,
      "meu": 0.002439185803560455,
      "u l": 0.002410823177937659,
      "o m": 0.002401368969396727,
      " pr": 0.0023938056025639815,
      "heg": 0.00237867886889849,
      "loc": 0.0023578796101084397,
      "cal": 0.0023522070849838804,
      "car": 0.0023181719342365253,
      "m c": 0.002301154358862848,
      "ser": 0.0022841367834891702,
      "or ": 0.002278464258364611,
      " ag": 0.002269010049823679,
      " ho": 0.002240647424200883,
      "a c": 0.002240647424200883,
      "ago": 0.0022349748990763236,
      "1h ": 0.0022349748990763236,
      "se ": 0.002229302373951765,
      "ro ": 0.0022179573237026463,
      "sta": 0.00221606648199446,
      "0 1": 0.0022028305900371552,
      "e e": 0.0021990489066207822,
      "ran": 0.0021952672232044093,
      "as ": 0.0021687954392897997,
      "sa ": 0.0021517778639161224,
      "tra": 0.00214232365537519,
      "tar": 0.0021290877634178853,
      "sem": 0.00212152439658514,
      "r a": 0.0020855984041295984,
      " o ": 0.0020666899870477344,
      "ta ": 0.002064799145339548,
      "gor": 0.0020629083036313614,
      " ma": 0.002059126620214989,
      "eri": 0.0020477815699658703,
      "ral": 0.0020326548363003793,
      "me ": 0.0020194189443430745,
      "ha ": 0.0020156372609267015,
      "qua": 0.002008073894093956,
      "bei": 0.001974038743346601,
      "emo": 0.001972147901638414,
      "nas": 0.0019589120096811094,
      "jo ": 0.0019456761177238048,
      "eij": 0.001938112750891059,
      "dem": 0.0019362219091828728,
      "ijo": 0.0019343310674746863,
      "boc": 0.0019192043338091952,
      "oii": 0.0018927325498945856,
      "pin": 0.0018927325498945856,
      "amp": 0.0018870600247700264,
      "mpi": 0.0018870600247700264,
      "ito": 0.0018700424493963488,
      "ntr": 0.001862479082563603,
      " si": 0.0018511340323144848,
      "u b": 0.0018492431906062983,
      "dia": 0.0018360072986489935,
      "ver": 0.0017906270976525201,
      "min": 0.0017887362559443336,
      " te": 0.0017830637308197744,
      "osa": 0.0017452468966560465,
      " ta": 0.0017376835298233007,
      "oce": 0.0016998666956595729,
      "o e": 0.0016923033288268273,
      "ila": 0.0016696132283285905,
      "ce ": 0.0016507048112467265,
      "ele": 0.001639359760997608,
      "ber": 0.001614778818791185,
      "m t": 0.0016072154519584394,
      "a t": 0.0016053246102502529,
      "la ": 0.0016034337685420666,
      "sti": 0.0015939795600011346,
      " tr": 0.0015750711429192705,
      " or": 0.001573180301211084,
      "o v": 0.0015561627258374065,
      "m d": 0.0015467085172964745,
      "din": 0.0015372543087555425,
      "iga": 0.0015372543087555425,
      "ega": 0.0015221275750900514,
      "ite": 0.0015164550499654921,
      "pra": 0.0015164550499654921,
      "man": 0.0015107825248409329,
      "ard": 0.0015051099997163738,
      "aqu": 0.0015013283163000009,
      "uil": 0.001497546632883628,
      "tro": 0.0014899832660508826,
      "anq": 0.0014862015826345098,
      "nqu": 0.0014862015826345098,
      " em": 0.001472965690677205,
      " ve": 0.0014654023238444593,
      "a v": 0.001463511482136273,
      "a r": 0.001454057273595341,
      "o s": 0.001444603065054409,
      "u n": 0.001435148856513477,
      " va": 0.0014275854896807314,
      "noi": 0.0014238038062643586,
      "oit": 0.0014238038062643586,
      "mar": 0.0014219129645561721,
      " um": 0.0014219129645561721,
      "udo": 0.0014143495977234266,
      "lo ": 0.001403004547474308,
      "tud": 0.001403004547474308,
      "a d": 0.0013992228640579353,
      "ari": 0.001397332022349749,
      "rma": 0.0013897686555170033,
      "rad": 0.001387877813808817,
      "o b": 0.001387877813808817,
      "so ": 0.0013840961303924443,
      "rde": 0.0013765327635596985,
      "ien": 0.0013746419218515122,
      "mis": 0.0013632968716023937,
      "onf": 0.0013614060298942075,
      "cli": 0.0013614060298942075
    },
    "trigrama_outro": 0.45039660404829207,
    "trigrama_cobertura": 0.5496033959517079,
    "mattr": 0.682615315640027,